Wall time,Step,Value
1535689880.7148476,0,0.09031250327825546
1535689881.1477354,1,0.10249999910593033
