Wall time,Step,Value
1535637250.8310456,0,0.1003125011920929
